conversation_root_id,tweet_id,customer_text,intent,escalate_flag,notes
1831956,1831956,@115858 could you please fix the keyboard lag bug on the iPhone 6 with iOS 11.0.3,software_bug,no,UI freeze/crash/lag
2906785,2906785,"@AppleSupport my iMessage and FaceTime fail to activate. I have tried restarting the iPhone and repeating the process, but it continues to say “activation unsuccessful”",software_bug,yes,General iOS software bug | Escalation: Already tried troubleshooting
1525189,1525189,@AppleSupport i have the iPad Air 1 in my movies section i have some movies showing up in 4k can i still watch them on my iPad Air 1?,app_subscription,yes,3rd party or native app specific issue | Escalation: Severe issue impact
2285157,2285157,@AppleSupport offloading half of my apps was the worst thing you could do 😡,app_subscription,yes,3rd party or native app specific issue | Escalation: High frustration/churn threat
2302714,2302714,Woah @AppleSupport my phone was on 19% on my lunch at 2 o’clock put it down on low power mode just lifted it up again on my break and it’s on 10% even though it hasn’t been touched since 2 o’clock?,battery_hardware,yes,Hardware defect | Escalation: Severe issue impact
1980960,1980960,@AppleSupport battery on my iPhone 7 sucks after 11.0.3 upgrade. Have to charge multiple times in a day. Help!!!,battery_hardware,no,Battery drain/charging issue
2077960,2077960,@AppleSupport my iPhone freezes 3 times a day since updating to 11.03. Only remedy is a hard reset. Please help,software_bug,yes,UI freeze/crash/lag | Escalation: Already tried troubleshooting
933333,933333,"iOS 11 is terrible, phone keeps freezing and it’s decreasing my battery like crazy @115858 🙄",battery_hardware,no,Ambiguous query. Prioritized 'battery_hardware' based on primary customer need. | Battery drain/charging issue
906231,906231,Guess I won’t be watching the new @161180 episode b/c my @115858 TV Went on the fritz and I don’t have a USB-C cable. 🙄🙄🙄 @AppleSupport,battery_hardware,no,Hardware defect
1375990,1375990,"@AppleSupport macOS High Sierra makes my MacPro 2013 crash every time it sleeps when display turns off. My settings are set NOT to take power naps or hardrives to sleep, and ""prevent computer from sleeping automatically..."" is checked too. I have to force the power button off...",battery_hardware,no,Hardware overheating/safety
2070868,2070868,@AppleSupport I’m having issues with sending messages to a few of my contacts. Most of them will deliver but some people won’t,software_bug,no,General iOS software bug
1539268,1539268,i️ just saw a pic of spaghetti &amp; i️ almost cried bc i️ want some so bad,software_bug,no,Notorious iOS 11 keyboard/character bug
894371,894371,"@115858 &amp; @AppleSupport, why can I not seem to be able to update any of my apps in the App Store. The circle just keeps going round.",app_subscription,no,Ambiguous query. Prioritized 'app_subscription' based on primary customer need. | 3rd party or native app specific issue
2763321,2763321,When offset said “ric flair drip go woo onna bitch” .....I️ felt that,software_bug,no,Notorious iOS 11 keyboard/character bug
2968366,2968366,"@AppleSupport  Hello, there is serious problem in iOS 11.1 and iOS 11.1.1 hundreds, maybe thousands of iPhones in our region are restarting by itself and stuck on apple logo we have to restore it with recovery or back to iOS 11.0.3 to fix it please take it seriously and solve it",software_bug,yes,Ambiguous query. Prioritized 'software_bug' based on primary customer need. | iOS update glitch | Escalation: Already tried troubleshooting
2754665,2754665,"dear @115858, on iOS 11 I still have to google ""where is the list of my subscriptions"" to find them.",app_subscription,yes,Ambiguous query. Prioritized 'app_subscription' based on primary customer need. | 3rd party or native app specific issue | Escalation: Severe issue impact
1871239,1871239,@AppleSupport how do change the ugly black text back to white in iOS 11.2? https://t.co/VBChUCJfzs,software_bug,no,iOS update glitch
1083946,1083946,"@AppleSupport Every since the last update, the WiFi calling is extremely intermittent. Please fix it!",connectivity,no,Ambiguous query. Prioritized 'connectivity' based on primary customer need. | WiFi connectivity drop
2962381,2962381,@AppleSupport have an iPhone 5se and iPad both on 11.2.1 that starting at midnight December 2 would crash and go to the lock screen every minute. Setting the date to dec 1 “fixed” it. Is there a better way to resolve this?,software_bug,no,UI freeze/crash/lag
2051939,2051939,@AppleSupport  @170480 @115858  iphone 5s cihazların onarımını mı yoksa cihazı degistiriyorsunuz  cihaz şarj almıyor,software_bug,no,General iOS software bug
1522204,1522204,Well after a long two and a half years - the last of which it has been on its last legs - my trusty iPhone 6 has bitten the dust :( @115858,software_bug,no,General iOS software bug
960011,960011,@AppleSupport I see that there is a new update for itunes 12.7.1. Sense downloading 12.7 I have had issue with itunes. Will this fix it?,app_subscription,no,Ambiguous query. Prioritized 'app_subscription' based on primary customer need. | Apple Music/iTunes issue
1532585,1532585,@115858 get you’re shit together with this I️ issue,software_bug,no,Notorious iOS 11 keyboard/character bug
1509176,1509176,@AppleSupport my mom's phone is acting up. What should we do here? https://t.co/3xXFN3uToj,software_bug,no,General iOS software bug
1716947,1716947,@AppleSupport  #iCloud going through outage? https://t.co/ekdYuoT8JV,app_subscription,no,iCloud sync/storage issue
2317135,2317135,Yo @115858 I’m not going to continue paying my iPhone 7+ off til you fix this glitch you not glitching me into upgrading!!!! #iphoneglitch https://t.co/DoYV9zZrM4,software_bug,no,UI freeze/crash/lag
1618255,1618255,why hasn’t @115858 fixed this fucking “i️” problem yet,software_bug,yes,Notorious iOS 11 keyboard/character bug | Escalation: High frustration/churn threat
1344426,1344426,@AppleSupport how do u remove “desktop” &amp; “documents” folders from iCloud once you’ve unchecked the sync option &amp; removed files from iCloud?,app_subscription,no,iCloud sync/storage issue
1569427,1569427,@AppleSupport My 6 Plus is virtually unusable after updating to iOS 11.1. When is the next patch coming out? 11.1 is awful. Help...,software_bug,yes,iOS update glitch | Escalation: Severe issue impact
1750567,1750567,@115858 @116333 not very happy with IOS 11.0.3 too many crashes and issues 10 was alright. Please check. Cheers.,software_bug,no,UI freeze/crash/lag
1486807,1486807,What is wrong with the capital letter “I️” @115858?!?,software_bug,no,Notorious iOS 11 keyboard/character bug
1323385,1323385,@AppleSupport I’ve just received this text message... is it a scam? https://t.co/iIz6799AeL,account_security,no,Security/phishing concern
1920703,1920703,@115858 - after a almost two hour hold with apple i still have not spoken to someone! Unacceptable! Ridiculous! Im so disappointed in their service https://t.co/uew2gz7nZw,software_bug,yes,General iOS software bug | Escalation: High frustration/churn threat
1522869,1522869,"@AppleSupport Are these legitimate @115858 email addresses?   @109672.lists.apple.com, @45871.apple.co.jp, @2310.lists.apple.com, @18775.apple.com, @6376-store.apple.com, @109671.apple.com, @109673.seminars.apple.com, __email__, __email__,",account_security,no,Account recovery/login issue
1840801,1840801,@AppleSupport I DM’d you.,software_bug,no,General iOS software bug
884615,884615,@AppleSupport my phone keeps on freezing 😖 feels like it gets worse with every update!! I keep having to reset it...,software_bug,yes,Ambiguous query. Prioritized 'software_bug' based on primary customer need. | UI freeze/crash/lag | Escalation: Already tried troubleshooting
1044431,1044431,@AppleSupport Mirroring @15782 through Apple TV doesn’t work with iOS 11.0.2. Works with every other app! 😩,app_subscription,no,Ambiguous query. Prioritized 'app_subscription' based on primary customer need. | 3rd party or native app specific issue
1315801,1315801,2.. @AppleSupport @115858 Is there a diagnostic or something you can do on it to work out what’s wrong? Tia. Heidi,software_bug,no,General iOS software bug
2073994,2073994,"@AppleSupport please fix this, my iPhone been doing this all day https://t.co/WhLt2GqjOG",software_bug,no,General iOS software bug
1119794,1119794,@AppleSupport notification alerts are not mirrored in watch(v4).Working fine till Oct 08.all apps are configured to mirror iphone(v11 pb1),app_subscription,no,3rd party or native app specific issue
1554625,1554625,IOS 11 c’est un véritable carnage pour la batterie mais c’est du jamais vu je charge mon tel 3 à 4 fois/jour @115858,battery_hardware,no,Ambiguous query. Prioritized 'battery_hardware' based on primary customer need. | Battery drain/charging issue
1230198,1230198,Now I have lost hope on counting how many settings on iOS11 I turned off and they have unsolicitedly came back on again @AppleSupport,software_bug,yes,iOS update glitch | Escalation: Severe issue impact
1883737,1883737,After the new @AppleSupport update my phone loses battery power when it’s plugged in and I look at it 😤😳😡,battery_hardware,yes,Ambiguous query. Prioritized 'battery_hardware' based on primary customer need. | Battery drain/charging issue | Escalation: High frustration/churn threat
1646270,1646270,@115858 please get your shit together....... ever since I️ updated my phone my apps won’t work &amp; my phone keeps freezing... I’ve never been so dissatisfied,app_subscription,yes,Ambiguous query. Prioritized 'app_subscription' based on primary customer need. | 3rd party or native app specific issue | Escalation: High frustration/churn threat
2873176,2873176,@AppleSupport Where to Check for what is still in restore please? No details for making the ‘cancel’ call. Been ‘restoring’ for over 24 hrs. https://t.co/4NVMOVTmei,software_bug,yes,General iOS software bug | Escalation: Already tried troubleshooting
1276229,1276229,The new iOS is slowly but surely killing my phone. @115858 smart move to get us to buy the new phone! #FirstWorldProblems,software_bug,no,iOS update glitch
1840833,1840833,".@115858 ever since I updated my iPhone my alarms aren’t working. At 1st I thought I was turning them off in my sleep, but NO, they’re broken",software_bug,no,iOS update glitch
1928033,1928033,@AppleSupport do you know why Apple Pay payments made via watch don’t show in the recent transactions?,app_subscription,no,3rd party or native app specific issue
1484964,1484964,Alguien sabe pxq le pasa esto a mi nuevo iPhone X @AppleSupport @138166 ese cuadro q?😤 https://t.co/XorCuOdyUF,software_bug,yes,General iOS software bug | Escalation: High frustration/churn threat
2213760,2213760,@490863 @AppleSupport Did Apple support fix your problem? I’m having the same issues and I would like to know what I can do to fix it.,software_bug,no,General iOS software bug
1405108,1405108,@AppleSupport I have 5s phone which is hang since today morning. Please help. https://t.co/WjDQBg9CPW,software_bug,no,General iOS software bug
2099710,2099710,@AppleSupport hi how do i sort this out when i cant remember the email used. I know the password but cant remember the email cheers https://t.co/djszKFANiG,account_security,no,Account recovery/login issue
2470776,2470776,"Hey @AppleSupport how do I turn off that stupid little photo that appears in the corner when you take a screenshot? I hate it, its annoying",software_bug,no,Ambiguous query. Prioritized 'software_bug' based on primary customer need. | General iOS software bug
1415694,1415694,@AppleSupport hello. are we expecting to have fix of keyboard soon ? because it s start to drive me crasy (on 11.0.2 and 11.1 bêta),software_bug,no,Notorious iOS 11 keyboard/character bug
2441951,2441951,@AppleSupport any clue on this https://t.co/64vlHO1SUt,software_bug,no,General iOS software bug
1829923,1829923,@115858 my shit is up to date and it’s being slow and i feel like I’m on my 4 so why Apple ?? Why is it that i bought an 8 plus and it works like a 4 ?,software_bug,no,iOS update glitch
894229,894229,"Hey @AppleSupport   Really appreciate the reduced battery life with #ios11  At the rate you’re going, the iPhone won’t be a mobile phone anymore. Constantly on the charger. 😣",battery_hardware,no,Ambiguous query. Prioritized 'battery_hardware' based on primary customer need. | Battery drain/charging issue
1800247,1800247,@115858 u keep saying to update my phone. Now my texts are screwed if I use a “-“......and only half a message gets sent. Stupid,software_bug,no,iOS update glitch
1007963,1007963,@115858 your iOS update is terrible. Made bluetooth everything ridiculously slow. Not happy.,connectivity,no,Ambiguous query. Prioritized 'connectivity' based on primary customer need. | Bluetooth pairing/connection
1056586,1056586,@AppleSupport my iphone 7 is getting very hot since i upgraded to 11.0.2 🤔🤔 is that normal,battery_hardware,no,Ambiguous query. Prioritized 'battery_hardware' based on primary customer need. | Hardware overheating/safety
1627993,1627993,Updated my phone and still seeing black boxed 🙄 annoying af @115858,software_bug,yes,iOS update glitch | Escalation: Already tried troubleshooting
1581451,1581451,Can we get this bug fixed so i can write something without these weird characters? Highly annoying. ( I️ ) @AppleSupport @115858,software_bug,no,Notorious iOS 11 keyboard/character bug
2402170,2402170,"@AppleSupport Yeah, i tried that but it didn’t work. Someone from AT&amp;T figured out a way for a temporary fix til they fix their network. Thanks tho",connectivity,yes,Cellular/network service issue | Escalation: Already tried troubleshooting
1230107,1230107,OK ever since i got the new update my phone glitches like a mf and it doesn’t vibrate when i get notifs get it 2gether @115858,software_bug,no,UI freeze/crash/lag
1922579,1922579,"@115858 / @AppleSupport high Sierra has memory leaks on WindowServer process, any performance update scheduled soon to fix this problem?",software_bug,no,iOS update glitch
2274438,2274438,@115858 @AppleSupport you think people have money to keep buying these new phones I’m at the 8+ and my phone tripping. I’m done 😡,software_bug,yes,General iOS software bug | Escalation: High frustration/churn threat
1622355,1622355,Umm yeah @AppleSupport can y’all fix this i issue please... its been 3 days now. And im tired of my i’s being typed as A’s.....,software_bug,yes,Notorious iOS 11 keyboard/character bug | Escalation: High frustration/churn threat
1871231,1871231,"@115948 @AppleSupport hey guys, we've applied to Apple Music Connect but haven't heard back - what is your turnaround time? Cheers",app_subscription,no,Apple Music/iTunes issue
2099307,2099307,@AppleSupport iOS 11.1.2...I’m guessing about a month ago.,software_bug,no,iOS update glitch
1919864,1919864,"@116333 why is iCloud Drive so slow to sync? I’ve had to drive from work to home today, then later from home to work to copy to usb 👎🏻",app_subscription,no,iCloud sync/storage issue
1119531,1119531,"@115858  hello, There is an issue on iPhone look at the pictures. The lift part is empty. iOS 11.0.3 https://t.co/tA4WdAxkRI",software_bug,no,iOS update glitch
2359487,2359487,"@AppleSupport How to fix ""No Service"" in ios 11.1.2 in iphone 6s fix bugs....",connectivity,no,Ambiguous query. Prioritized 'connectivity' based on primary customer need. | Cellular/network service issue
1486772,1486772,@760198 @AppleSupport 😃,software_bug,no,General iOS software bug
1230103,1230103,Dear @115858 your flagship iPhone 8 on the newest OS is buggy as hell. Please fix. I’m tired of restarting my phone to fix small OS hiccups.,software_bug,yes,General iOS software bug | Escalation: High frustration/churn threat
1165275,1165275,@AppleSupport @115858 @216188 https://t.co/8MhtcgFAKU,software_bug,no,General iOS software bug
1083884,1083884,I SHOULD HAVE NEVER UPDATED MY IPHONE IT KEEPS FUCKEN TURNING OFF WTF @AppleSupport,software_bug,yes,iOS update glitch | Escalation: High frustration/churn threat
926295,926295,@AppleSupport has to be the worst when it comes to responding to customers! @116333,software_bug,yes,General iOS software bug | Escalation: High frustration/churn threat
955009,955009,Worthless piece of shit @115858 where is my damn scientific calculator???? #upgradesshouldmakeitworkBETTER,software_bug,no,General iOS software bug
2764102,2764102,@115858 y tf y'all won't update my phone y'all got my phone turning black and glitching,software_bug,no,UI freeze/crash/lag
1344406,1344406,"@AppleSupport Hello teamApple, order number W421888395, I need to talk urgently about delivering this order nearby, ur phone is not dialin",software_bug,no,General iOS software bug
1276226,1276226,@AppleSupport when do you think ios will have a function to delete cache apps? It is very useful to save memory in devices with low memory capacity,app_subscription,no,3rd party or native app specific issue
2470762,2470762,Ayee @115858 will you all have another update available because there’s a problem,software_bug,no,iOS update glitch
1134015,1134015,Anyone else having problems accessing 'free' wifi @115858 iPhone5se on @118101 since 'security recommendations' message started popping up!!,connectivity,no,Ambiguous query. Prioritized 'connectivity' based on primary customer need. | WiFi connectivity drop
2867055,2867055,If @115858 corrects my “I” to [?] one more time... GET YOUR SHIT TOGETHER,software_bug,no,Notorious iOS 11 keyboard/character bug
990423,990423,Whyyyy is  @115858 so glitchy - can’t even send sms,software_bug,no,UI freeze/crash/lag
2213764,2213764,@AppleSupport Is an update coming that’s going to make my phone work the way it did before the iOS 11 update? I had a perfectly good phone until that update and now it’s slow and the battery is constantly dying.,battery_hardware,no,Ambiguous query. Prioritized 'battery_hardware' based on primary customer need. | Battery drain/charging issue
2733857,2733857,What the hell is going on with this #iOS11 update now I can’t even switch from app 2 app without my phone freezing on me @115858 fix this 😡,app_subscription,yes,Ambiguous query. Prioritized 'app_subscription' based on primary customer need. | 3rd party or native app specific issue | Escalation: High frustration/churn threat
2441914,2441914,@115858 when are y’all fixing this bug that came with your new update?! 💁🏿‍♂️💁🏿‍♂️💁🏿‍♂️,software_bug,no,iOS update glitch
1509012,1509012,Why is @115858 playin me tho... where tf is my “I”at?! I just spent $800 on this phone and shit.. fix it please 😒🙄,software_bug,no,Notorious iOS 11 keyboard/character bug
2493392,2493392,My fuckin music pauses when I get a snap and it’s driving me crazy.  @124423 @917 @AppleSupport y’all need to get it together,app_subscription,no,Apple Music/iTunes issue
864571,864571,@AppleSupport Iphone7. It happened after the release of the update (still on ios11). I updated to fix and the problems persisted. The camera &amp; phone work intermittently. Video is on a loop - camera resets. FaceTime &amp; Phone calls won’t connect.,software_bug,yes,Ambiguous query. Prioritized 'software_bug' based on primary customer need. | iOS update glitch | Escalation: High frustration/churn threat
2190135,2190135,I️ need to fix this iPhone thing. I️ can’t stand I️t. I️ am so angry. I️ don’t know how to. I️ before e except after I️. Our film had lots of c g I️. I️ love you all. I️ am back.,software_bug,no,Notorious iOS 11 keyboard/character bug
2962386,2962386,"@AppleSupport beyond upset, frustrated after extreme effort to pre-order iPhone X, Nov3 delivery has past! no phone!!! UPS says your fault",software_bug,yes,General iOS software bug | Escalation: High frustration/churn threat
1759600,1759600,@115858 New iPhone 8 burnt my finger last night. 2 x attempts with customer service and not resolved. A potentially dangerous product. https://t.co/vg3lUYMnOQ,battery_hardware,yes,Hardware overheating/safety | Escalation: Repeated support attempts
1618239,1618239,@AppleSupport attempting to redeem the plotagraph+ app from the apple store app and it’s saying the code isn’t valid? https://t.co/v7ZjMD0Hbu,app_subscription,no,3rd party or native app specific issue
2274433,2274433,@AppleSupport the update has completely messed up my iPhone SE which I’ve only had for about 6 weeks. Can anyone help me with this?,software_bug,no,iOS update glitch
